title,link,image,lprice,hprice,mallName,productId,productType,brand,maker,category1,category2,category3,category4,search_keyword
빈플 전동 <b>우유거품기</b> 미니 핸드휘핑기 머랭기 반죽기 가정용 자동 휘핑 생크림기계 계란거품기,https://smartstore.naver.com/main/products/5465836250,https://shopping-phinf.pstatic.net/main_8301033/83010330726.3.jpg,12800,,빈플러스,83010330726,2,빈플러스,,디지털/가전,주방가전,커피머신/메이커,로스터/거품기,우유거품기
수동 라떼 우유거품 스팀기 스티머 밀크포머 로얄비아 <b>우유거품기</b> 350ml 전자렌지 가능,https://smartstore.naver.com/main/products/353840253,https://shopping-phinf.pstatic.net/main_9279940/9279940524.2.jpg,12500,,장커피,9279940524,2,,,생활/건강,주방용품,커피용품,우유거품기,우유거품기
올리 전동거품기 <b>우유거품기</b> 가정용 우유스팀기 밀크프로더,https://smartstore.naver.com/main/products/5397543314,https://shopping-phinf.pstatic.net/main_8294203/82942036840.3.jpg,59000,,올리 OLLY,82942036840,2,OLLY,,디지털/가전,주방가전,커피머신/메이커,로스터/거품기,우유거품기
일리 밀크프로더 <b>우유거품기</b> 화이트,https://search.shopping.naver.com/catalog/59287289544,https://shopping-phinf.pstatic.net/main_5928728/59287289544.20260317145411.jpg,96000,,네이버,59287289544,1,일리,,디지털/가전,주방가전,커피머신/메이커,로스터/거품기,우유거품기
네스프레소 <b>우유거품기</b> 나노 포머,https://smartstore.naver.com/main/products/12442254765,https://shopping-phinf.pstatic.net/main_8998676/89986765512.jpg,78000,,네스프레소 공식스토어,89986765512,2,네스프레소,네스프레소,디지털/가전,주방가전,커피머신/메이커,로스터/거품기,우유거품기
[무료교환] 무선 전동휘핑기 <b>우유거품기</b> 자동휘핑기계 휴대형,https://smartstore.naver.com/main/products/5803150588,https://shopping-phinf.pstatic.net/main_8334765/83347650002.6.jpg,16900,,집순이네 홈카페,83347650002,2,커피세컨즈,,디지털/가전,주방가전,커피머신/메이커,로스터/거품기,우유거품기
빈플러스 전동 <b>우유거품기</b> V2 화이트,https://search.shopping.naver.com/catalog/59153404067,https://shopping-phinf.pstatic.net/main_5915340/59153404067.20260305104549.jpg,64800,,네이버,59153404067,1,빈플러스,,디지털/가전,주방가전,커피머신/메이커,로스터/거품기,우유거품기
충전식 전동 <b>우유거품기</b> 고급형 미니 핸드휘핑기 머랭기 계란 생크림기계 무선 자동 휘핑기계,https://smartstore.naver.com/main/products/4820055284,https://shopping-phinf.pstatic.net/main_8236457/82364578042.10.jpg,24900,,빈플러스,82364578042,2,커피세컨즈,,디지털/가전,주방가전,커피머신/메이커,로스터/거품기,우유거품기
네스프레소 에어로치노4 블랙실버,https://search.shopping.naver.com/catalog/59287077122,https://shopping-phinf.pstatic.net/main_5928707/59287077122.20260317142223.jpg,119990,,네이버,59287077122,1,네스프레소,네스프레소,디지털/가전,주방가전,커피머신/메이커,로스터/거품기,우유거품기
수동 <b>우유거품기</b> 스텐 이중망 바리스타 밀크포머 스티머 라떼아트 스팀기 400ml,https://smartstore.naver.com/main/products/735691190,https://shopping-phinf.pstatic.net/main_1141531/11415319868.3.jpg,13500,,키친초이스,11415319868,2,벨르디자인,키친초이스,생활/건강,주방용품,커피용품,우유거품기,우유거품기
<b>우유</b>스팀기 가정용 라떼 스팀기 <b>우유</b>스팀기계 홈카페,https://search.shopping.naver.com/catalog/44696867084,https://shopping-phinf.pstatic.net/main_4469686/44696867084.20250517035533.jpg,37480,,네이버,44696867084,1,,,생활/건강,주방용품,커피용품,우유거품기,우유거품기
고급형 전동 <b>우유거품기</b> CV-F1 스탠드믹서 카페 가정용 무선 핸드 휘핑기 제빵 조리도구,https://smartstore.naver.com/main/products/5977819862,https://shopping-phinf.pstatic.net/main_8352231/83522319350.12.jpg,17800,,소울빈,83522319350,2,COVING,제이제이,디지털/가전,주방가전,커피머신/메이커,로스터/거품기,우유거품기
코스트코 일리 <b>우유거품기</b>+라떼 글라스 세트 밀크프로더 우유가열기,https://smartstore.naver.com/main/products/10922726729,https://shopping-phinf.pstatic.net/main_8846723/88467232764.2.jpg,109990,,해피 포포,88467232764,2,일리,일리,디지털/가전,주방가전,커피머신/메이커,로스터/거품기,우유거품기
빈플러스 핸디형 전동 <b>우유거품기</b>,https://search.shopping.naver.com/catalog/19895890876,https://shopping-phinf.pstatic.net/main_1989589/19895890876.20250628151501.jpg,11790,,네이버,19895890876,1,빈플러스,,디지털/가전,주방가전,커피머신/메이커,로스터/거품기,우유거품기
비바니 무선 <b>우유 거품기</b>,https://search.shopping.naver.com/catalog/52037658618,https://shopping-phinf.pstatic.net/main_5203765/52037658618.20241220143320.jpg,16900,,네이버,52037658618,1,비바니,비바니,디지털/가전,주방가전,커피머신/메이커,로스터/거품기,우유거품기
일리 <b>우유거품기</b> 밀크프로더 본사정품,https://smartstore.naver.com/main/products/7074544556,https://shopping-phinf.pstatic.net/main_8461904/84619044878.jpg,104000,,illy store,84619044878,2,일리,,디지털/가전,주방가전,커피머신/메이커,로스터/거품기,우유거품기
이케아 PRODUKT,https://search.shopping.naver.com/catalog/19425446920,https://shopping-phinf.pstatic.net/main_1942544/19425446920.20200703110714.jpg,1250,,네이버,19425446920,1,이케아,이케아,디지털/가전,주방가전,커피머신/메이커,로스터/거품기,우유거품기
미니휘핑기 전동 <b>우유거품기</b> 휘핑기계 머랭치기 자동휘핑기,https://smartstore.naver.com/main/products/8889390925,https://shopping-phinf.pstatic.net/main_8643389/86433891248.3.jpg,16800,,가정용업소용 전문몰,86433891248,2,,,디지털/가전,주방가전,커피머신/메이커,로스터/거품기,우유거품기
무선 전동 <b>우유거품기</b> 미니 핸드 휘핑기 머랭기 생크림기계 계란거품기 충전식 자동 일반형,https://smartstore.naver.com/main/products/9615538156,https://shopping-phinf.pstatic.net/main_8716004/87160040426.6.jpg,19900,,빈플러스,87160040426,2,커피세컨즈,,디지털/가전,주방가전,커피머신/메이커,로스터/거품기,우유거품기
네스프레소 <b>우유거품기</b> 에어로치노4,https://smartstore.naver.com/main/products/7154131343,https://shopping-phinf.pstatic.net/main_8469863/84698631665.19.jpg,149000,,네스프레소 공식스토어,84698631665,2,네스프레소,네스프레소,디지털/가전,주방가전,커피머신/메이커,로스터/거품기,우유거품기
수동 <b>우유거품기</b> 스텐 이중망 바리스타 밀크포머 스티머 라떼아트 스팀기 800ml,https://smartstore.naver.com/main/products/12339065711,https://shopping-phinf.pstatic.net/main_8988357/89883576428.jpg,15000,,키친초이스,89883576428,2,벨르디자인,키친초이스,생활/건강,주방용품,커피용품,우유거품기,우유거품기
시타 수동 <b>우유거품기</b> 스텐 이중망 400ml 600ml,https://smartstore.naver.com/main/products/467075056,https://shopping-phinf.pstatic.net/main_1189197/11891977540.3.jpg,14600,,커피올데이,11891977540,2,CITTA,CITTA,생활/건강,주방용품,커피용품,우유거품기,우유거품기
<b>우유</b> 스팀기 스티머 밀크 데우는기계 포머 라테 <b>거품기</b>,https://search.shopping.naver.com/catalog/45441461354,https://shopping-phinf.pstatic.net/main_4544146/45441461354.20251202044902.jpg,17360,,네이버,45441461354,1,,,생활/건강,주방용품,커피용품,우유거품기,우유거품기
무선 전동 <b>우유거품기</b> 핸드 거품기 휘핑기 밀크프로더 가정용 아인슈페너 크림 만들기,https://smartstore.naver.com/main/products/6830966312,https://shopping-phinf.pstatic.net/main_8437546/84375466634.5.jpg,9900,,모토잉,84375466634,2,알로꼬,,디지털/가전,주방가전,커피머신/메이커,로스터/거품기,우유거품기
신일 전동 <b>우유거품기</b> 미니 휘핑기 반죽기 베이킹 핸드믹서 휘핑기계,https://smartstore.naver.com/main/products/7042116110,https://shopping-phinf.pstatic.net/main_8458661/84586616432.jpg,43900,,가정용업소용 전문몰,84586616432,2,신일전자,SHINIL,디지털/가전,주방가전,커피머신/메이커,로스터/거품기,우유거품기
나노포머 리튬 하이엔드 <b>우유거품기</b> 밀크포머 라떼아트,https://smartstore.naver.com/main/products/8047597289,https://shopping-phinf.pstatic.net/main_8559209/85592097612.6.jpg,88000,,나노포머,85592097612,2,,,디지털/가전,주방가전,커피머신/메이커,로스터/거품기,우유거품기
더이엔 델리팬 DEL-MF700,https://search.shopping.naver.com/catalog/45813341618,https://shopping-phinf.pstatic.net/main_4581334/45813341618.20260211110243.jpg,67800,,네이버,45813341618,1,델리팬,더이엔,디지털/가전,주방가전,커피머신/메이커,로스터/거품기,우유거품기
자동 <b>우유</b> 스팀기 거품 밀크포머 업소용 메이커 라떼,https://search.shopping.naver.com/catalog/55365380790,https://shopping-phinf.pstatic.net/main_5536538/55365380790.20251214124124.jpg,365320,,네이버,55365380790,1,,,생활/건강,주방용품,커피용품,우유거품기,우유거품기
빈플 <b>우유거품기</b> 수동 라떼아트 스텐망 밀크포머 커피프레스 겸용 전자렌지가능 로즈골드 600,https://smartstore.naver.com/main/products/11692492119,https://shopping-phinf.pstatic.net/main_8923700/89237002586.1.jpg,26800,,빈플러스,89237002586,2,빈플러스,,생활/건강,주방용품,커피용품,우유거품기,우유거품기
일리 <b>우유거품기</b> + 라떼 글라스 세트 코스트코 밀크프로더 아이스라떼 핫초코 홈카페,https://smartstore.naver.com/main/products/12410097323,https://shopping-phinf.pstatic.net/main_8995460/89954608048.jpg,99900,,신난다점빵,89954608048,2,일리,,디지털/가전,주방가전,커피머신/메이커,로스터/거품기,우유거품기
마켓비 FROTHER <b>우유거품기</b>,https://search.shopping.naver.com/catalog/19425446923,https://shopping-phinf.pstatic.net/main_1942544/19425446923.20221230111511.jpg,1520,,네이버,19425446923,1,마켓비,마켓비,디지털/가전,주방가전,커피머신/메이커,로스터/거품기,우유거품기
드롱기 구름치노 250ml,https://search.shopping.naver.com/catalog/57738295710,https://shopping-phinf.pstatic.net/main_5773829/57738295710.20251112112113.jpg,107620,,네이버,57738295710,1,드롱기,,생활/건강,주방용품,커피용품,우유거품기,우유거품기
리큅 LMF-CH43,https://search.shopping.naver.com/catalog/30663718618,https://shopping-phinf.pstatic.net/main_3066371/30663718618.20220217092717.jpg,59000,,네이버,30663718618,1,리큅,리큅,디지털/가전,주방가전,커피머신/메이커,로스터/거품기,우유거품기
전동 <b>우유거품기</b> 카피탈리 밀크프로더 데우기 전동거품기,https://smartstore.naver.com/main/products/4417458052,https://shopping-phinf.pstatic.net/main_8196198/81961980557.1.jpg,99000,,이태리아저씨,81961980557,2,카피탈리,카피탈리시스템,디지털/가전,주방가전,커피머신/메이커,로스터/거품기,우유거품기
커피세컨즈 CS-M02,https://search.shopping.naver.com/catalog/28169985525,https://shopping-phinf.pstatic.net/main_2816998/28169985525.20210727102740.jpg,17000,,네이버,28169985525,1,커피세컨즈,,디지털/가전,주방가전,커피머신/메이커,로스터/거품기,우유거품기
전동 <b>우유거품기</b> 핸드휘핑기 미니머랭기 기계 계란 생크림 베이킹 whisk 무선,https://smartstore.naver.com/main/products/8893462235,https://shopping-phinf.pstatic.net/main_8643796/86437962558.2.jpg,5900,,COSTMALL,86437962558,2,코스트몰,,디지털/가전,주방가전,커피머신/메이커,로스터/거품기,우유거품기
Detao 스텐 <b>우유 거품기</b> 라떼거품기 홈카페 <b>우유거품기</b> 밀크프로더 304스텐,https://search.shopping.naver.com/catalog/58433211072,https://shopping-phinf.pstatic.net/main_5843321/58433211072.20260108210514.jpg,27970,,네이버,58433211072,1,,,생활/건강,주방용품,커피용품,우유거품기,우유거품기
비알레띠 글래스 <b>우유 거품기</b> 6컵,https://search.shopping.naver.com/catalog/59177662942,https://shopping-phinf.pstatic.net/main_5917766/59177662942.20260309071954.jpg,29900,,네이버,59177662942,1,비알레띠,,생활/건강,주방용품,커피용품,우유거품기,우유거품기
드롱기 KREMFI.W,https://search.shopping.naver.com/catalog/14429282943,https://shopping-phinf.pstatic.net/main_1442928/14429282943.20210304162800.jpg,107610,,네이버,14429282943,1,드롱기,드롱기,디지털/가전,주방가전,커피머신/메이커,로스터/거품기,우유거품기
제니스코 라떼멘토 핸디 <b>우유거품기</b> 더블링  EP-426B  블랙,https://link.coupang.com/re/PCSNAVERPCSDP?pageKey=1460335039&ctag=1460335039&lptag=I2512615737&itemId=2512615737&vendorItemId=4873097830&spec=10305199,https://shopping-phinf.pstatic.net/main_4745018/47450184947.16.jpg,8000,,쿠팡,47450184947,2,제니스코,제니스코,생활/건강,주방용품,커피용품,우유거품기,우유거품기
휘핑가스 질소 라떼 가스 <b>우유거품기</b> 휘핑건 냉온수 우유데우는 거품기 달걀 모카포트라떼,https://search.shopping.naver.com/catalog/58917293605,https://shopping-phinf.pstatic.net/main_5891729/58917293605.20260213192515.jpg,19790,,네이버,58917293605,1,,,생활/건강,주방용품,커피용품,우유거품기,우유거품기
커피세컨즈 핸디 충전식 전동<b>우유거품기</b> CS-M01 가정용 전용 핸드믹서기 라떼거품기 달고나커피,https://link.coupang.com/re/PCSNAVERPCSDP?pageKey=1331849657&ctag=1331849657&lptag=I2356398580&itemId=2356398580&vendorItemId=70772173322&spec=10305199,https://shopping-phinf.pstatic.net/main_4967077/49670770586.369.jpg,16000,,쿠팡,49670770586,2,커피세컨즈,,디지털/가전,주방가전,커피머신/메이커,로스터/거품기,우유거품기
하리오 전동 <b>우유거품기</b> 휘핑기 CZ-1 거치대 브라운,https://smartstore.naver.com/main/products/424217171,https://shopping-phinf.pstatic.net/main_9952443/9952443396.18.jpg,22500,,장커피,9952443396,2,하리오,하리오,디지털/가전,주방가전,커피머신/메이커,로스터/거품기,우유거품기
바리스타 <b>우유</b> 스팀기 휘핑기 스티머 스팀 라떼 거품,https://search.shopping.naver.com/catalog/53269510140,https://shopping-phinf.pstatic.net/main_5326951/53269510140.20260314104014.jpg,61930,,네이버,53269510140,1,,,생활/건강,주방용품,커피용품,우유거품기,우유거품기
전동 <b>우유 거품기</b> 미니 휘핑기 라떼 거품 핸드믹서기,https://smartstore.naver.com/main/products/6969566987,https://shopping-phinf.pstatic.net/main_8451406/84514067309.jpg,8300,,베이킹조이,84514067309,2,,,디지털/가전,주방가전,커피머신/메이커,로스터/거품기,우유거품기
[국내정품] 네스프레소 에어로치노 4 <b>우유거품기</b> 리프레시 밀크스팀 120ml 라떼 카푸치노 가정용 카페용 (1년 보증),https://smartstore.naver.com/main/products/10620230573,https://shopping-phinf.pstatic.net/main_8816473/88164736222.jpg,129000,,클레디오,88164736222,2,네스프레소,네스프레소,디지털/가전,주방가전,커피머신/메이커,로스터/거품기,우유거품기
이케아 <b>우유거품기</b> 전동 미니 휘핑기 핸디형 믹서기 머랭치기 생크림 계란 라떼 프로둑트,https://smartstore.naver.com/main/products/8853850487,https://shopping-phinf.pstatic.net/main_8639835/86398350810.1.jpg,2490,,피케홈,86398350810,2,이케아,이케아,디지털/가전,주방가전,커피머신/메이커,로스터/거품기,우유거품기
무선 전동 휘핑기 <b>우유거품기</b> 휘핑기계 자동 핸디 거품기 스팀기 CS-MO1,https://smartstore.naver.com/main/products/5703037126,https://shopping-phinf.pstatic.net/main_8324753/83247535215.4.jpg,16900,,몰여와,83247535215,2,커피세컨즈,,디지털/가전,주방가전,커피머신/메이커,로스터/거품기,우유거품기
프리즈마 포터블 전동 <b>우유거품기</b> 무선 휘핑기 생크림 라떼아트 머랭치기 계란거품기,https://smartstore.naver.com/main/products/9969717323,https://shopping-phinf.pstatic.net/main_8751421/87514219596.1.jpg,15000,,베라커피아울렛,87514219596,2,,,디지털/가전,주방가전,커피머신/메이커,로스터/거품기,우유거품기
빈플러스 전동 <b>우유거품기</b> 밀크프로더 워셔블 V2 화이트 (카프치노 라떼 핫초코 밀크티),https://smartstore.naver.com/main/products/290858539,https://shopping-phinf.pstatic.net/main_8446743/8446743356.17.jpg,64800,,빈플러스,8446743356,3,빈플러스,,디지털/가전,주방가전,커피머신/메이커,로스터/거품기,우유거품기
수동 라떼 우유거품 스팀기 스티머 <b>밀크포머</b> 로얄비아 우유거품기 350ml 전자렌지 가능,https://smartstore.naver.com/main/products/353840253,https://shopping-phinf.pstatic.net/main_9279940/9279940524.2.jpg,12500,,장커피,9279940524,2,,,생활/건강,주방용품,커피용품,우유거품기,밀크포머
수동 우유거품기 스텐 이중망 바리스타 <b>밀크포머</b> 스티머 라떼아트 스팀기 400ml,https://smartstore.naver.com/main/products/735691190,https://shopping-phinf.pstatic.net/main_1141531/11415319868.3.jpg,13500,,키친초이스,11415319868,2,벨르디자인,키친초이스,생활/건강,주방용품,커피용품,우유거품기,밀크포머
우유 스팀기 스티머 <b>밀크</b> 데우는기계 <b>포머</b> 라테 거품기,https://search.shopping.naver.com/catalog/45441461354,https://shopping-phinf.pstatic.net/main_4544146/45441461354.20251202044902.jpg,17360,,네이버,45441461354,1,,,생활/건강,주방용품,커피용품,우유거품기,밀크포머
일리 우유 거품기 <b>밀크 포머</b> 프로더,https://search.shopping.naver.com/catalog/34417091776,https://shopping-phinf.pstatic.net/main_3441709/34417091776.20250118093114.jpg,95900,,네이버,34417091776,1,일리,,생활/건강,주방용품,커피용품,우유거품기,밀크포머
자동 우유 스팀기 거품 <b>밀크포머</b> 업소용 메이커 라떼,https://search.shopping.naver.com/catalog/55365380790,https://shopping-phinf.pstatic.net/main_5536538/55365380790.20251214124124.jpg,365320,,네이버,55365380790,1,,,생활/건강,주방용품,커피용품,우유거품기,밀크포머
빈플 우유거품기 수동 라떼아트 스텐망 <b>밀크포머</b> 커피프레스 겸용 전자렌지가능 로즈골드 600,https://smartstore.naver.com/main/products/11692492119,https://shopping-phinf.pstatic.net/main_8923700/89237002586.1.jpg,26800,,빈플러스,89237002586,2,빈플러스,,생활/건강,주방용품,커피용품,우유거품기,밀크포머
수동 우유거품기 스텐 이중망 바리스타 <b>밀크포머</b> 스티머 라떼아트 스팀기 800ml,https://smartstore.naver.com/main/products/12339065711,https://shopping-phinf.pstatic.net/main_8988357/89883576428.jpg,15000,,키친초이스,89883576428,2,벨르디자인,키친초이스,생활/건강,주방용품,커피용품,우유거품기,밀크포머
뉴클레어 전동우유거품기 다이소 <b>밀크포머</b> 라떼거품기 달고나커피 카푸치노거품기,https://smartstore.naver.com/main/products/5106082061,https://shopping-phinf.pstatic.net/main_8265060/82650604107.jpg,16500,,꼼뛰에,82650604107,2,,,생활/건강,주방용품,커피용품,우유거품기,밀크포머
수동 우유거품기 스텐 이중망 200ml 400ml 바리스타 <b>밀크포머</b> 라떼아트 스팀기,https://smartstore.naver.com/main/products/8688325985,https://shopping-phinf.pstatic.net/main_8623282/86232826308.jpg,15000,,마이 카페,86232826308,2,,,생활/건강,주방용품,커피용품,우유거품기,밀크포머
일본 스타벅스 우유거품기 <b>밀크포머</b> 컵 세트 라떼 카푸치노,https://search.shopping.naver.com/catalog/30619414810,https://shopping-phinf.pstatic.net/main_3061941/30619414810.20240201003007.jpg,43000,,네이버,30619414810,1,스타벅스,스타벅스,생활/건강,주방용품,커피용품,우유거품기,밀크포머
자동 <b>밀크포머</b> 스티머 에스프레소 라떼아트 세척 용이 온도조절,https://smartstore.naver.com/main/products/13086553480,https://shopping-phinf.pstatic.net/main_9063106/90631064572.jpg,114640,,솔리스05,90631064572,2,,,생활/건강,주방용품,커피용품,우유거품기,밀크포머
우유 스팀기 <b>밀크포머</b> 워머 카페 드레오 밀크 밀크스티머 30잔 포머,https://search.shopping.naver.com/catalog/54914271697,https://shopping-phinf.pstatic.net/main_5491427/54914271697.20251213154227.jpg,71200,,네이버,54914271697,1,,,생활/건강,주방용품,커피용품,우유거품기,밀크포머
키친초이스 테프론 수동 우유거품기 스텐 이중망 <b>밀크포머</b> 라떼 바리스타 스팀기,https://search.shopping.naver.com/catalog/40479258493,https://shopping-phinf.pstatic.net/main_4047925/40479258493.20240222103541.jpg,17840,,네이버,40479258493,1,,키친초이스,생활/건강,주방용품,커피용품,우유거품기,밀크포머
우유스팀기 가정용 라떼 <b>밀크포머</b> 스팀기 업소용 제이스튜 기본 1개 유규,https://search.shopping.naver.com/catalog/56719937999,https://shopping-phinf.pstatic.net/main_5671993/56719937999.20260122101631.jpg,64800,,네이버,56719937999,1,,,생활/건강,주방용품,커피용품,우유거품기,밀크포머
우유 스팀기 <b>밀크포머</b> 라떼 버블 흰색 데우는기계 포머 LCD 고정온도 온수기겸용,https://search.shopping.naver.com/catalog/58470571415,https://shopping-phinf.pstatic.net/main_5847057/58470571415.20260221070953.jpg,181900,,네이버,58470571415,1,,,생활/건강,주방용품,커피용품,우유거품기,밀크포머
밀크 스티머 우유 카페용 <b>밀크포머</b> 스팀기 거품기,https://search.shopping.naver.com/catalog/52193999998,https://shopping-phinf.pstatic.net/main_5219399/52193999998.20251205191158.jpg,251040,,네이버,52193999998,1,,,생활/건강,주방용품,커피용품,우유거품기,밀크포머
우유 스팀기 커피 거품기 데우기 <b>밀크포머</b> 가정용,https://search.shopping.naver.com/catalog/41500194794,https://shopping-phinf.pstatic.net/main_4150019/41500194794.20240827151055.jpg,47700,,네이버,41500194794,1,,,생활/건강,주방용품,커피용품,우유거품기,밀크포머
전동 <b>밀크포머</b> 거품기 라떼스팀기 카푸치노 라떼아트 우유 1 다이큐인 휴대용 거품기,https://search.shopping.naver.com/catalog/54816195061,https://shopping-phinf.pstatic.net/main_5481619/54816195061.20251217174711.jpg,24920,,네이버,54816195061,1,,,생활/건강,주방용품,커피용품,우유거품기,밀크포머
홈아트 수동 우유거품기 <b>밀크포머</b> CM001-B,https://search.shopping.naver.com/catalog/38760857548,https://shopping-phinf.pstatic.net/main_3876085/38760857548.20240717034832.jpg,20920,,네이버,38760857548,1,,,생활/건강,주방용품,커피용품,우유거품기,밀크포머
라떼거품기 가정용 우유스팀기 자동 스티머 110v 220v <b>밀크포머</b> 바리스타 카푸치노,https://search.shopping.naver.com/catalog/58564115279,https://shopping-phinf.pstatic.net/main_5856411/58564115279.20260314155844.jpg,59100,,네이버,58564115279,1,,,생활/건강,주방용품,커피용품,우유거품기,밀크포머
라떼아트용 <b>밀크포머</b> 우유거품기 스팀저그,https://search.shopping.naver.com/catalog/59097905687,https://shopping-phinf.pstatic.net/main_5909790/59097905687.20260228233549.jpg,22090,,네이버,59097905687,1,,,생활/건강,주방용품,커피용품,우유거품기,밀크포머
라떼스팀기 카푸치노 라떼아트 우유 우유스팀기 <b>밀크포머</b> 핸드 버블러 1개,https://search.shopping.naver.com/catalog/57131744684,https://shopping-phinf.pstatic.net/main_5713174/57131744684.20260114191121.jpg,25340,,네이버,57131744684,1,,,생활/건강,주방용품,커피용품,우유거품기,밀크포머
업소용 우유 스팀기 머신 가열 <b>밀크포머</b> 포머 밀크티,https://search.shopping.naver.com/catalog/58549909664,https://shopping-phinf.pstatic.net/main_5854990/58549909664.20260314142453.jpg,366790,,네이버,58549909664,1,,,생활/건강,주방용품,커피용품,우유거품기,밀크포머
업소용 우유 스팀기 거품기 스티머 <b>밀크포머</b> 카페 거품,https://search.shopping.naver.com/catalog/58867411061,https://shopping-phinf.pstatic.net/main_5886741/58867411061.20260209232705.jpg,268400,,네이버,58867411061,1,,,생활/건강,주방용품,커피용품,우유거품기,밀크포머
업소용 우유 스팀기 <b>밀크 포머</b> 거품기 데우는 기계 MS-130D2,https://search.shopping.naver.com/catalog/51098703305,https://shopping-phinf.pstatic.net/main_5109870/51098703305.20241030063748.jpg,431600,,네이버,51098703305,1,,,생활/건강,주방용품,커피용품,우유거품기,밀크포머
수동 우유거품기 <b>밀크포머</b> 200ml,https://smartstore.naver.com/main/products/5968697015,https://shopping-phinf.pstatic.net/main_8351319/83513196503.jpg,12000,,Slowly,83513196503,2,,,생활/건강,주방용품,커피용품,우유거품기,밀크포머
칼리타 우유 거품기 <b>밀크 포머</b> AAA사용 건전지불포함,https://search.shopping.naver.com/catalog/35476203127,https://shopping-phinf.pstatic.net/main_3547620/35476203127.20250716020748.jpg,28640,,네이버,35476203127,1,칼리타,,생활/건강,주방용품,커피용품,우유거품기,밀크포머
V2거품기 우유 라떼 카푸치노 <b>밀크포머</b> 카페 핸드헬드 커피,https://search.shopping.naver.com/catalog/55310495123,https://shopping-phinf.pstatic.net/main_5531049/55310495123.20250617210537.jpg,119400,,네이버,55310495123,1,,,생활/건강,주방용품,커피용품,우유거품기,밀크포머
거품 거품기 머신 라떼용 기계 데우기 포머 <b>밀크포머</b> 우유거품기 스팀기 전동,https://search.shopping.naver.com/catalog/58817166942,https://shopping-phinf.pstatic.net/main_5881716/58817166942.20260206001507.jpg,315700,,네이버,58817166942,1,,,생활/건강,주방용품,커피용품,우유거품기,밀크포머
거품기 우유 카푸치노 카페 <b>밀크포머</b> 거품기 핸드헬드,https://search.shopping.naver.com/catalog/54297025395,https://shopping-phinf.pstatic.net/main_5429702/54297025395.20251009040121.jpg,53960,,네이버,54297025395,1,,,생활/건강,주방용품,커피용품,우유거품기,밀크포머
커피용 스팀 <b>밀크포머</b> 우유거품 제조기 카페 도구,https://search.shopping.naver.com/catalog/58130047296,https://shopping-phinf.pstatic.net/main_5813004/58130047296.20251214010315.jpg,18050,,네이버,58130047296,1,,,생활/건강,주방용품,커피용품,우유거품기,밀크포머
라떼아트 <b>밀크포머</b> 우유 스팀 거품기 저그,https://search.shopping.naver.com/catalog/58395553485,https://shopping-phinf.pstatic.net/main_5839555/58395553485.20260105225149.jpg,22090,,네이버,58395553485,1,,,생활/건강,주방용품,커피용품,우유거품기,밀크포머
라떼 스티머 바리스타 우유 스팀기 <b>밀크포머</b> 거품 흰색,https://search.shopping.naver.com/catalog/56847722210,https://shopping-phinf.pstatic.net/main_5684772/56847722210.20250921224558.jpg,86300,,네이버,56847722210,1,,,생활/건강,주방용품,커피용품,우유거품기,밀크포머
업소용 우유스팀기 라떼 <b>밀크 포머</b> 카페 휘핑기,https://search.shopping.naver.com/catalog/58376181697,https://shopping-phinf.pstatic.net/main_5837618/58376181697.20260109151213.jpg,249600,,네이버,58376181697,1,,,생활/건강,주방용품,커피용품,우유거품기,밀크포머
우유 스팀기 스티머 거품 카페 <b>밀크 포머</b> 제조기 라떼 기본형,https://search.shopping.naver.com/catalog/58422333938,https://shopping-phinf.pstatic.net/main_5842233/58422333938.20260114212454.jpg,603700,,네이버,58422333938,1,,,생활/건강,주방용품,커피용품,우유거품기,밀크포머
바리스타 우유 스팀기 <b>밀크포머</b> 전동쉐이커 홈카페 자동,https://search.shopping.naver.com/catalog/55878420754,https://shopping-phinf.pstatic.net/main_5587842/55878420754.20260310001451.jpg,61540,,네이버,55878420754,1,,,생활/건강,주방용품,커피용품,우유거품기,밀크포머
업소용 우유스팀기 전기 머신 <b>밀크포머</b> 커피 자동 아트,https://search.shopping.naver.com/catalog/58270976139,https://shopping-phinf.pstatic.net/main_5827097/58270976139.20251226214425.jpg,319000,,네이버,58270976139,1,,,생활/건강,주방용품,커피용품,우유거품기,밀크포머
카페드코나 수동 우유거품기 스텐 이중망 <b>밀크포머</b> 1개 1개입,https://search.shopping.naver.com/catalog/49784178859,https://shopping-phinf.pstatic.net/main_4978417/49784178859.20240815010608.jpg,13500,,네이버,49784178859,1,,,생활/건강,주방용품,커피용품,우유거품기,밀크포머
우유 라떼스팀기 바리스타 커피 우유스팀기 <b>밀크포머</b> 스팀기,https://search.shopping.naver.com/catalog/59053177351,https://shopping-phinf.pstatic.net/main_5905317/59053177351.20260225222114.jpg,99200,,네이버,59053177351,1,,,생활/건강,주방용품,커피용품,우유거품기,밀크포머
카푸치노메이커 라떼 거품기 우유스팀기 <b>밀크포머</b>,https://search.shopping.naver.com/catalog/48923170788,https://shopping-phinf.pstatic.net/main_4892317/48923170788.20250203102737.jpg,288600,,네이버,48923170788,1,,,생활/건강,주방용품,커피용품,우유거품기,밀크포머
우유 스팀기 <b>밀크포머</b> 메이커 식 마이크로폼 자동 전기,https://search.shopping.naver.com/catalog/59007371650,https://shopping-phinf.pstatic.net/main_5900737/59007371650.20260224061612.jpg,110700,,네이버,59007371650,1,,,생활/건강,주방용품,커피용품,우유거품기,밀크포머
생크림휘핑기 가스 생크림 스테인리스 업소용 제과 스텐 0 5L <b>밀크포머</b> 핸드 카페 거품기,https://search.shopping.naver.com/catalog/59008103596,https://shopping-phinf.pstatic.net/main_5900810/59008103596.20260302071715.jpg,167200,,네이버,59008103596,1,,,생활/건강,주방용품,커피용품,우유거품기,밀크포머
나노포머 우유거품기 카페 서브미니멀 메이커 <b>밀크포머</b> 휘핑기 라떼아트 화이트업그레이드,https://search.shopping.naver.com/catalog/45340755446,https://shopping-phinf.pstatic.net/main_4534075/45340755446.20240120153416.jpg,23000,,네이버,45340755446,1,,,생활/건강,주방용품,커피용품,우유거품기,밀크포머
비알레띠 전동 <b>밀크포머</b> 라떼 스팀기 플로서,https://search.shopping.naver.com/catalog/59288189189,https://shopping-phinf.pstatic.net/main_5928818/59288189189.20260317165131.jpg,119300,,네이버,59288189189,1,,,생활/건강,주방용품,커피용품,우유거품기,밀크포머
밀크 스티머 우유 거품기 업소용 라떼 라떼아트 우유거품기 <b>밀크포머</b>,https://search.shopping.naver.com/catalog/58512617991,https://shopping-phinf.pstatic.net/main_5851261/58512617991.20260126113907.jpg,142400,,네이버,58512617991,1,,,생활/건강,주방용품,커피용품,우유거품기,밀크포머
HARIO 하리오 크리머 큐트 거품기 <b>밀크 포머</b> 커피 라떼 우유 카푸치노 단품,https://search.shopping.naver.com/catalog/58645466153,https://shopping-phinf.pstatic.net/main_5864546/58645466153.20260124205840.jpg,29480,,네이버,58645466153,1,,,생활/건강,주방용품,커피용품,우유거품기,밀크포머
<b>밀크포머</b> 데우기 잔문가용 크림 커피숍 가열기 전동,https://search.shopping.naver.com/catalog/54530235469,https://shopping-phinf.pstatic.net/main_5453023/54530235469.20250626120504.jpg,289870,,네이버,54530235469,1,,,생활/건강,주방용품,커피용품,우유거품기,밀크포머
라떼아트용 <b>밀크포머</b> 우유거품기 스팀저그,https://search.shopping.naver.com/catalog/59069322169,https://shopping-phinf.pstatic.net/main_5906932/59069322169.20260226232845.jpg,27590,,네이버,59069322169,1,,,생활/건강,주방용품,커피용품,우유거품기,밀크포머
자동 우유스팀기 거품기 커피 카푸치노 단일상품 <b>밀크포머</b> 라떼,https://search.shopping.naver.com/catalog/59082162214,https://shopping-phinf.pstatic.net/main_5908216/59082162214.20260227212102.jpg,4945470,,네이버,59082162214,1,,,생활/건강,주방용품,커피용품,우유거품기,밀크포머
<b>밀크 포머</b> 스팀기 WPM 우유 크림 카푸치노 라떼 거품 수동 스케일 제거제 130D2,https://search.shopping.naver.com/catalog/45100333058,https://shopping-phinf.pstatic.net/main_4510033/45100333058.20260315070218.jpg,417140,,네이버,45100333058,1,,,생활/건강,주방용품,커피용품,우유거품기,밀크포머
올리 전동거품기 우유거품기 가정용 우유스팀기 <b>밀크프로더</b>,https://smartstore.naver.com/main/products/5397543314,https://shopping-phinf.pstatic.net/main_8294203/82942036840.3.jpg,59000,,올리 OLLY,82942036840,2,OLLY,,디지털/가전,주방가전,커피머신/메이커,로스터/거품기,밀크프로더
일리 <b>밀크프로더</b> 우유거품기 화이트,https://search.shopping.naver.com/catalog/59287289544,https://shopping-phinf.pstatic.net/main_5928728/59287289544.20260317145411.jpg,96000,,네이버,59287289544,1,일리,,디지털/가전,주방가전,커피머신/메이커,로스터/거품기,밀크프로더
코스트코 일리 우유거품기+라떼 글라스 세트 <b>밀크프로더</b> 우유가열기,https://smartstore.naver.com/main/products/10922726729,https://shopping-phinf.pstatic.net/main_8846723/88467232764.2.jpg,109990,,해피 포포,88467232764,2,일리,일리,디지털/가전,주방가전,커피머신/메이커,로스터/거품기,밀크프로더
일리커피머신 Y3.3+<b>밀크프로더</b> 세트 화이트 본사정품 (웰컴캡슐 14개 증정),https://smartstore.naver.com/main/products/7687041464,https://shopping-phinf.pstatic.net/main_8523154/85231541786.jpg,230000,,illy store,85231541786,2,일리,,디지털/가전,주방가전,커피머신/메이커,캡슐/POD머신,밀크프로더
일리 우유거품기 <b>밀크프로더</b> 본사정품,https://smartstore.naver.com/main/products/7074544556,https://shopping-phinf.pstatic.net/main_8461904/84619044878.jpg,104000,,illy store,84619044878,2,일리,,디지털/가전,주방가전,커피머신/메이커,로스터/거품기,밀크프로더
일리 우유거품기 + 라떼 글라스 세트 코스트코 <b>밀크프로더</b> 아이스라떼 핫초코 홈카페,https://smartstore.naver.com/main/products/12410097323,https://shopping-phinf.pstatic.net/main_8995460/89954608048.jpg,99900,,신난다점빵,89954608048,2,일리,,디지털/가전,주방가전,커피머신/메이커,로스터/거품기,밀크프로더
제니퍼룸 전동 우유 거품기 치즈폼 <b>밀크프로더</b> 분리형,https://link.coupang.com/re/PCSNAVERPCSDP?pageKey=5378234170&ctag=5378234170&lptag=l723139827952&itemId=93137975228&vendorItemId=92079201664&spec=10305199,https://shopping-phinf.pstatic.net/main_5914704/59147043500.jpg,92150,,쿠팡,59147043500,2,,,디지털/가전,주방가전,커피머신/메이커,로스터/거품기,밀크프로더
일리 <b>밀크프로더</b>,https://link.coupang.com/re/PCSNAVERPCSDP?pageKey=7668757922&ctag=7668757922&lptag=l7229311051653&itemId=52139351617&vendorItemId=83132566838&spec=10305197,https://shopping-phinf.pstatic.net/main_4877276/48772768771.17.jpg,96000,,쿠팡,48772768771,2,,,디지털/가전,주방가전,커피머신/메이커,로스터/거품기,밀크프로더
무선 전동 우유거품기 핸드 거품기 휘핑기 <b>밀크프로더</b> 가정용 아인슈페너 크림 만들기,https://smartstore.naver.com/main/products/6830966312,https://shopping-phinf.pstatic.net/main_8437546/84375466634.5.jpg,9900,,모토잉,84375466634,2,알로꼬,,디지털/가전,주방가전,커피머신/메이커,로스터/거품기,밀크프로더
전동 우유거품기 카피탈리 <b>밀크프로더</b> 데우기 전동거품기,https://smartstore.naver.com/main/products/4417458052,https://shopping-phinf.pstatic.net/main_8196198/81961980557.1.jpg,99000,,이태리아저씨,81961980557,2,카피탈리,카피탈리시스템,디지털/가전,주방가전,커피머신/메이커,로스터/거품기,밀크프로더
일리 우유거품기 화이트 코스트코 거품 라떼 우유스팀 <b>밀크프로더</b> 화이트,https://smartstore.naver.com/main/products/12538352135,https://shopping-phinf.pstatic.net/main_9008286/90082862988.jpg,99570,,서진이아빠,90082862988,2,일리,,디지털/가전,주방가전,커피머신/메이커,로스터/거품기,밀크프로더
코스트코 일리 우유 거품기 <b>밀크 프로더</b> 카페 라떼 핫초코 제조기 스팀기 가열기 밀크포머,https://smartstore.naver.com/main/products/12789948558,https://shopping-phinf.pstatic.net/main_9033445/90334459507.jpg,103040,,코스트코몰 by JW,90334459507,2,일리,,디지털/가전,주방가전,커피머신/메이커,로스터/거품기,밀크프로더
우유 거품기 데우기 <b>밀크프로더</b> 미니 전동거품기 커품기 / 13가지 자동모드,https://smartstore.naver.com/main/products/11148771077,https://shopping-phinf.pstatic.net/main_8869328/88693281399.2.jpg,66000,,엠디룸,88693281399,2,미마전자,미마인터내셔널,디지털/가전,주방가전,커피머신/메이커,로스터/거품기,밀크프로더
Detao 스텐 우유 거품기 라떼거품기 홈카페 우유거품기 <b>밀크프로더</b> 304스텐 화이트,https://link.coupang.com/re/PCSNAVERPCSDP?pageKey=9162456346&ctag=9162456346&lptag=I26991023855&itemId=26991023855&vendorItemId=93971325976&spec=10305199,https://shopping-phinf.pstatic.net/main_5760011/57600112667.jpg,36900,,쿠팡,57600112667,2,,,디지털/가전,주방가전,커피머신/메이커,에스프레소머신,밀크프로더
일리<b>밀크프로더</b> 우유스팀 일리우유거품기,https://smartstore.naver.com/main/products/9692723748,https://shopping-phinf.pstatic.net/main_8723722/87237226018.jpg,99800,,바른솝,87237226018,2,일리,,디지털/가전,주방가전,커피머신/메이커,로스터/거품기,밀크프로더
올리 전동거품기 우유거품기 가정용 우유스팀기 <b>밀크프로더</b> 아이보리,https://www.11st.co.kr/connect/Gateway.tmall?method=Xsite&prdNo=9045171376&tid=1000000061,https://shopping-phinf.pstatic.net/main_5861730/58617303610.jpg,57900,,11번가,58617303610,2,OLLY,,디지털/가전,주방가전,커피머신/메이커,로스터/거품기,밀크프로더
네스프레소 에어로시노 3 <b>밀크 프로더</b> 블랙 - 완전 독립형 유닛,https://www.11st.co.kr/connect/Gateway.tmall?method=Xsite&prdNo=8878692048&tid=1000000061,https://shopping-phinf.pstatic.net/main_5790975/57909759508.1.jpg,206320,,11번가,57909759508,2,네스프레소,,디지털/가전,주방가전,커피머신/메이커,캡슐/POD머신,밀크프로더
리큅 <b>밀크프로더</b> 미니 전동 휘핑기 우유데우기 LMF-CH43,https://smartstore.naver.com/main/products/10633825552,https://shopping-phinf.pstatic.net/main_8817833/88178331362.7.jpg,59000,,리큅스토어,88178331362,2,리큅,리큅,디지털/가전,주방가전,커피머신/메이커,로스터/거품기,밀크프로더
우유거품기 라떼 우유 스팀기 가정용 스팀 <b>밀크프로더</b> 기계,https://smartstore.naver.com/main/products/13084271462,https://shopping-phinf.pstatic.net/main_9062878/90628782554.jpg,58600,,진심컴파니,90628782554,2,,,디지털/가전,주방가전,거품/반죽기,,밀크프로더
콜레모 <b>밀크 프로더</b> 핸드헬드 충전식 완드 드링크 믹서 커피용 전기 거품기 3개의 스테인리,https://smartstore.naver.com/main/products/13190506363,https://shopping-phinf.pstatic.net/main_9073501/90735017460.jpg,103600,,레몬3,90735017460,2,,,디지털/가전,주방가전,거품/반죽기,,밀크프로더
MOI 에스프레소 머신 고압 - <b>밀크 프로더</b> 스팀 완드가 포함된 메이커 볼륨,https://link.auction.co.kr/gate/pcs?item-no=F452243605&sub-id=1&service-code=10000003,https://shopping-phinf.pstatic.net/main_5848899/58488990925.jpg,224880,,옥션,58488990925,2,,,디지털/가전,주방가전,커피머신/메이커,에스프레소머신,밀크프로더
일리 본사정품 우유거품기 <b>밀크프로더</b>,https://ohou.se/productions/1761938/selling?utm_source=naver_shop&bp_sub_id_2=search&bp_sub_id_3=inorganic&utm_medium=cpc&utm_campaign=1761938-14926566&utm_term={query}&utm_content={ad}&bp_adset={network}_{media},https://shopping-phinf.pstatic.net/main_3755694/37556947587.2.jpg,110000,,오늘의집,37556947587,2,일리,,디지털/가전,주방가전,커피머신/메이커,로스터/거품기,밀크프로더
카피탈리 라떼아트 우유거품기 <b>밀크프로더</b>,https://smartstore.naver.com/main/products/11342818726,https://shopping-phinf.pstatic.net/main_8888732/88887329057.jpg,129000,,캡슐커피 카페로베르즈,88887329057,2,카피탈리,카피탈리시스템,디지털/가전,주방가전,커피머신/메이커,로스터/거품기,밀크프로더
일리 <b>밀크프로더</b>  F280G  블랙,https://link.coupang.com/re/PCSNAVERPCSDP?pageKey=6776782529&ctag=6776782529&lptag=I15925363710&itemId=15925363710&vendorItemId=91613872979&spec=10305199,https://shopping-phinf.pstatic.net/main_3524235/35242351845.87.jpg,133730,,쿠팡,35242351845,2,일리,,디지털/가전,주방가전,커피머신/메이커,로스터/거품기,밀크프로더
델리팬 전동 우유거품기 DEL-MF700 <b>밀크프로더</b> 분리형,https://link.coupang.com/re/PCSNAVERPCSDP?pageKey=8375645467&ctag=8375645467&lptag=l402148244632&itemId=16244443208&vendorItemId=91295590602&spec=10305198,https://shopping-phinf.pstatic.net/main_5617396/56173965684.4.jpg,67800,,쿠팡,56173965684,2,,,디지털/가전,주방가전,커피머신/메이커,로스터/거품기,밀크프로더
델리팬 전동 우유거품기 DEL-MF700 <b>밀크프로더</b> 분리형,https://link.coupang.com/re/PCSNAVERPCSDP?pageKey=8375645467&ctag=8375645467&lptag=l232495812833&itemId=41285238933&vendorItemId=91703814892&spec=10305197,https://shopping-phinf.pstatic.net/main_5716070/57160705276.2.jpg,67800,,쿠팡,57160705276,2,,,디지털/가전,주방가전,커피머신/메이커,로스터/거품기,밀크프로더
일리 <b>밀크프로더</b> 우유거품기 카푸치노 컵 포함,https://smartstore.naver.com/main/products/9769564621,https://shopping-phinf.pstatic.net/main_8731406/87314066894.jpg,100900,,나누기더하기 마켓,87314066894,2,일리,,디지털/가전,주방가전,커피머신/메이커,로스터/거품기,밀크프로더
리큅 전동 우유거품기 <b>밀크프로더</b> (라테/카푸치노/핫초코 거품),https://www.oliveyoung.co.kr/store/common/partner.do?chlNo=1&chlDtlNo=1&utm_source=naver&utm_medium=shopping_ep&utm_campaign=onpro_ep_product_0101_1231&utm_content=pc_price&sndType=goods&sndVal=B000000162051,https://shopping-phinf.pstatic.net/main_5220707/52207077863.jpg,69000,,올리브영,52207077863,2,리큅,,디지털/가전,주방가전,커피머신/메이커,로스터/거품기,밀크프로더
우유 거품기 스팀기 밀크포머 스티밍 밀크스티머 바리스타 카페용 <b>밀크프로더</b> 포머 가정용,https://smartstore.naver.com/main/products/10865850290,https://shopping-phinf.pstatic.net/main_8841035/88410356303.jpg,75730,,스노우루체,88410356303,2,,,디지털/가전,주방가전,커피머신/메이커,로스터/거품기,밀크프로더
빈플러스 전동 우유거품기 <b>밀크프로더</b> 워셔블 V2 화이트 (카프치노 라떼 핫초코 밀크티),https://smartstore.naver.com/main/products/290858539,https://shopping-phinf.pstatic.net/main_8446743/8446743356.17.jpg,64800,,빈플러스,8446743356,3,빈플러스,,디지털/가전,주방가전,커피머신/메이커,로스터/거품기,밀크프로더
일리 <b>밀크프로더</b> 우유거품기  화이트 단일상품,https://link.coupang.com/re/PCSNAVERPCSDP?pageKey=6776782529&ctag=6776782529&lptag=I15925363711&itemId=15925363711&vendorItemId=83132566838&spec=10305197,https://shopping-phinf.pstatic.net/main_3524125/35241252829.154.jpg,96000,,쿠팡,35241252829,3,일리,,디지털/가전,주방가전,커피머신/메이커,로스터/거품기,밀크프로더
리큅 <b>밀크프로더</b> 전동 우유거품기 LMF-CH43,https://smartstore.naver.com/main/products/6222724565,https://shopping-phinf.pstatic.net/main_8376722/83767227054.9.jpg,59000,,리큅 공식몰,83767227054,3,리큅,리큅,디지털/가전,주방가전,커피머신/메이커,로스터/거품기,밀크프로더
델리팬 우유거품기 전동 <b>밀크프로더</b> 밀크포머 우유데우기 DEL-MF700(신제품),https://smartstore.naver.com/main/products/9865474420,https://shopping-phinf.pstatic.net/main_8740997/87409976691.3.jpg,67800,,델리팬공인몰,87409976691,3,델리팬,더이엔,디지털/가전,주방가전,커피머신/메이커,로스터/거품기,밀크프로더
하리오 Z <b>밀크 프로더</b> 브라운 Z Frother with Base,https://smartstore.naver.com/main/products/13241020866,https://shopping-phinf.pstatic.net/main_9078553/90785531198.jpg,74340,,유니버힐링,90785531198,2,하리오,하리오,디지털/가전,주방가전,커피머신/메이커,커피머신부속품,밀크프로더
보둠 라테오 수동 <b>밀크 프로더</b> 8온스 블랙 8 Ounce,https://smartstore.naver.com/main/products/13240989795,https://shopping-phinf.pstatic.net/main_9078550/90785500127.jpg,59850,,유니버힐링,90785500127,2,보덤,보덤,디지털/가전,주방가전,커피머신/메이커,커피머신부속품,밀크프로더
에어로랏 에센셜 스팀 프리 <b>밀크 프로더</b> 블랙,https://smartstore.naver.com/main/products/13239958174,https://shopping-phinf.pstatic.net/main_9078446/90784468506.jpg,53130,,소유창고,90784468506,2,에어로라떼,,디지털/가전,주방가전,커피머신/메이커,커피머신부속품,밀크프로더
하리오 Z <b>밀크 프로더</b> 브라운 Z Frother with Base,https://smartstore.naver.com/main/products/13239767026,https://shopping-phinf.pstatic.net/main_9078427/90784277358.jpg,74060,,럭키골든픽,90784277358,2,하리오,하리오,디지털/가전,주방가전,커피머신/메이커,커피머신부속품,밀크프로더
보둠 라테오 수동 <b>밀크 프로더</b> 8온스 블랙 8 Ounce,https://smartstore.naver.com/main/products/13239725855,https://shopping-phinf.pstatic.net/main_9078423/90784236187.jpg,59570,,럭키골든픽,90784236187,2,보덤,보덤,디지털/가전,주방가전,커피머신/메이커,커피머신부속품,밀크프로더
하리오 Z <b>밀크 프로더</b> 브라운 Z Frother with Base,https://smartstore.naver.com/main/products/13238300755,https://shopping-phinf.pstatic.net/main_9078281/90782811087.jpg,58590,,행오픈,90782811087,2,하리오,하리오,디지털/가전,주방가전,커피머신/메이커,커피머신부속품,밀크프로더
ZWILLING 엔피니지 <b>밀크 프로더</b> 실버,https://smartstore.naver.com/main/products/13238310283,https://shopping-phinf.pstatic.net/main_9078282/90782820615.jpg,334740,,행오픈,90782820615,2,즈윌링,즈윌링,디지털/가전,주방가전,커피머신/메이커,커피머신부속품,밀크프로더
보둠 라테오 수동 <b>밀크 프로더</b> 8온스 블랙 8 Ounce,https://smartstore.naver.com/main/products/13238410068,https://shopping-phinf.pstatic.net/main_9078292/90782920400.jpg,40600,,행오픈,90782920400,2,보덤,보덤,디지털/가전,주방가전,커피머신/메이커,커피머신부속품,밀크프로더
에어로랏 에센셜 스팀 프리 <b>밀크 프로더</b> 블랙 Black Essentials,https://smartstore.naver.com/main/products/13238400582,https://shopping-phinf.pstatic.net/main_9078291/90782910914.jpg,40600,,행오픈,90782910914,2,에어로라떼,,디지털/가전,주방가전,커피머신/메이커,커피머신부속품,밀크프로더
스멕 <b>밀크 프로더</b>(파스텔 그린) 20 oz Pastel Green,https://smartstore.naver.com/main/products/13237112874,https://shopping-phinf.pstatic.net/main_9078162/90781623206.jpg,547750,,픽루트,90781623206,2,스메그,스메그,디지털/가전,주방가전,커피머신/메이커,커피머신부속품,밀크프로더
보둠 라테오 수동 <b>밀크 프로더</b> 8온스 블랙 8 Ounce,https://smartstore.naver.com/main/products/13237097569,https://shopping-phinf.pstatic.net/main_9078160/90781607901.jpg,39270,,픽루트,90781607901,2,보덤,보덤,디지털/가전,주방가전,커피머신/메이커,커피머신부속품,밀크프로더
커피 머신용 CREMA 스테인리스 스틸 <b>밀크 프로더</b> 저그 경유,https://smartstore.naver.com/main/products/13264228277,https://shopping-phinf.pstatic.net/main_9080873/90808738609.jpg,39900,,슬라이트엣지,90808738609,2,,,디지털/가전,주방가전,커피머신/메이커,커피머신부속품,밀크프로더
하리오 Z <b>밀크 프로더</b> 브라운 Z Frother with Base,https://smartstore.naver.com/main/products/13262281889,https://shopping-phinf.pstatic.net/main_9080679/90806792221.jpg,78960,,알레그로바이지,90806792221,2,하리오,하리오,디지털/가전,주방가전,커피머신/메이커,커피머신부속품,밀크프로더
미스터 커피 수동 <b>밀크 프로더</b> 유리병,https://smartstore.naver.com/main/products/13262500766,https://shopping-phinf.pstatic.net/main_9080701/90807011098.jpg,64610,,럭키골든픽,90807011098,2,미스터커피,미스터커피,디지털/가전,주방가전,커피머신/메이커,커피머신부속품,밀크프로더
Urnex - 린자 M90 <b>밀크 프로더</b> 클리닝 정제 10g,https://smartstore.naver.com/main/products/13260993031,https://shopping-phinf.pstatic.net/main_9080550/90805503363.jpg,57540,,그루밍캣804,90805503363,2,,,디지털/가전,주방가전,커피머신/메이커,커피머신부속품,밀크프로더
스멕 <b>밀크 프로더</b>(파스텔 그린) 20 oz Pastel Green,https://smartstore.naver.com/main/products/13259435906,https://shopping-phinf.pstatic.net/main_9080394/90803946238.jpg,572460,,쿠루쿠루-마켓,90803946238,2,스메그,스메그,디지털/가전,주방가전,커피머신/메이커,커피머신부속품,밀크프로더
보둠 라테오 수동 <b>밀크 프로더</b> 8온스 블랙 8 Ounce,https://smartstore.naver.com/main/products/13255874006,https://shopping-phinf.pstatic.net/main_9080038/90800384338.jpg,60970,,유키 무드,90800384338,2,보덤,보덤,디지털/가전,주방가전,커피머신/메이커,커피머신부속품,밀크프로더
네스프레소 <b>에어로치노</b>4 블랙실버,https://search.shopping.naver.com/catalog/59287077122,https://shopping-phinf.pstatic.net/main_5928707/59287077122.20260317142223.jpg,119990,,네이버,59287077122,1,네스프레소,네스프레소,디지털/가전,주방가전,커피머신/메이커,로스터/거품기,에어로치노
네스프레소 <b>에어로치노</b>3 국내 판매용 블랙 화이트,https://smartstore.naver.com/main/products/12829596289,https://shopping-phinf.pstatic.net/main_9037410/90374107281.jpg,100000,,JUBILEE 쥬빌리,90374107281,2,네스프레소,네스프레소,디지털/가전,주방가전,커피머신/메이커,로스터/거품기,에어로치노
네스프레소 우유거품기 <b>에어로치노</b>4,https://smartstore.naver.com/main/products/7154131343,https://shopping-phinf.pstatic.net/main_8469863/84698631665.19.jpg,149000,,네스프레소 공식스토어,84698631665,2,네스프레소,네스프레소,디지털/가전,주방가전,커피머신/메이커,로스터/거품기,에어로치노
네스프레소 버츄오 업 펄 화이트 &amp; <b>에어로치노</b>4,https://smartstore.naver.com/main/products/13075722774,https://shopping-phinf.pstatic.net/main_9062023/90620233866.jpg,359000,,네스프레소 공식스토어,90620233866,2,네스프레소,네스프레소,디지털/가전,주방가전,커피머신/메이커,캡슐/POD머신,에어로치노
네스프레소 버츄오 팝+ 머신 &amp; <b>에어로치노</b>4,https://smartstore.naver.com/main/products/12701901925,https://shopping-phinf.pstatic.net/main_9024641/90246412849.jpg,229000,,네스프레소 공식스토어,90246412849,2,네스프레소,네스프레소,디지털/가전,주방가전,커피머신/메이커,캡슐/POD머신,에어로치노
[국내정품] 네스프레소 <b>에어로치노</b> 4 우유거품기 리프레시 밀크스팀 120ml 라떼 카푸치노 가정용 카페용 (1년 보증),https://smartstore.naver.com/main/products/10620230573,https://shopping-phinf.pstatic.net/main_8816473/88164736222.jpg,129000,,클레디오,88164736222,2,네스프레소,네스프레소,디지털/가전,주방가전,커피머신/메이커,로스터/거품기,에어로치노
거품링 우유 부속품 부품 <b>에어로치노</b> 회전 라떼 호환 프레소,https://smartstore.naver.com/main/products/13139847969,https://shopping-phinf.pstatic.net/main_9068435/90684359061.jpg,16810,,행복꾸러미세상,90684359061,2,,,디지털/가전,주방가전,커피머신/메이커,커피머신부속품,에어로치노
네스프레소 버츄오 플러스 + <b>에어로치노</b>4 화이트,https://search.shopping.naver.com/catalog/54857308746,https://shopping-phinf.pstatic.net/main_5485730/54857308746.20250519123246.jpg,253820,,네이버,54857308746,1,네스프레소,네스프레소,디지털/가전,주방가전,커피머신/메이커,캡슐/POD머신,에어로치노
네스프레소 <b>에어로치노</b> 3,https://search.shopping.naver.com/catalog/29502911618,https://shopping-phinf.pstatic.net/main_2950291/29502911618.20211102104524.jpg,114000,,네이버,29502911618,1,네스프레소,네스프레소,디지털/가전,주방가전,커피머신/메이커,로스터/거품기,에어로치노
드롱기 구름치노 우유거품기 우유스팀기 그린 라떼 전동 커피메이커 커피머신 <b>에어로치노</b>,https://smartstore.naver.com/main/products/8264955768,https://shopping-phinf.pstatic.net/main_8580945/85809456091.1.jpg,111800,,모던88,85809456091,2,드롱기,드롱기,디지털/가전,주방가전,커피머신/메이커,로스터/거품기,에어로치노
네스프레소 커피머신 에센자미니 C30 &amp; <b>에어로치노</b>4,https://search.shopping.naver.com/catalog/54276244416,https://shopping-phinf.pstatic.net/main_5427624/54276244416.20250418171210.jpg,315270,,네이버,54276244416,1,네스프레소,네스프레소,디지털/가전,주방가전,커피머신/메이커,캡슐/POD머신,에어로치노
네스프레소 버츄오 팝 머신 &amp; <b>에어로치노</b>4 핑크,https://search.shopping.naver.com/catalog/55110776609,https://shopping-phinf.pstatic.net/main_5511077/55110776609.20250604163850.jpg,249000,,네이버,55110776609,1,네스프레소,네스프레소,디지털/가전,주방가전,커피머신/메이커,캡슐/POD머신,에어로치노
네스프레소 거품기 헤드 호환 <b>에어로치노</b> 액세서리 단일상품,https://smartstore.naver.com/main/products/13089744188,https://shopping-phinf.pstatic.net/main_9063425/90634255280.jpg,12120,,엑스비스,90634255280,2,,,디지털/가전,주방가전,커피머신/메이커,커피머신부속품,에어로치노
우유 거품기 뚜껑 커버 및 도장 교체 부품 네스프레소 <b>에어로치노</b> 3 3R 3593,https://www.11st.co.kr/connect/Gateway.tmall?method=Xsite&prdNo=9143115364&tid=1000000061,https://shopping-phinf.pstatic.net/main_5904595/59045957499.jpg,17960,,11번가,59045957499,2,,,디지털/가전,주방가전,커피머신/메이커,로스터/거품기,에어로치노
<b>AEROCCINO</b> 3 4 블렌더 커피 메이커 예비 부품 머신 액세서리,https://smartstore.naver.com/main/products/13055969789,https://shopping-phinf.pstatic.net/main_9060048/90600480881.jpg,14450,,위드플렉스,90600480881,2,,,디지털/가전,주방가전,커피머신/메이커,커피머신부속품,에어로치노
네스프레소 버츄오 업 잉크블랙 &amp; <b>에어로치노</b>4,https://smartstore.naver.com/main/products/13192502073,https://shopping-phinf.pstatic.net/main_9073701/90737013170.jpg,359000,,네스프레소 공식스토어,90737013170,2,네스프레소,네스프레소,디지털/가전,주방가전,커피머신/메이커,캡슐/POD머신,에어로치노
[네스프레소] 버츄오 업 잉크 블랙 &amp; <b>에어로치노</b> 4 A4MC1-KR-BK,https://www.nespresso.com/kr/ko/order/machines/vertuo/vertuo-up-ink-black-ae4?utm_source=Partnership&utm_medium=PT&utm_content=PT_Emnet_VET__NV_______AO_%3E%3EImageAd_Generic_LCL_DNP_____&utm_campaign=KR_2024Apr_B2C_LOC_NaverShopping_Recurrent_BRA_MAC_No_,https://shopping-phinf.pstatic.net/main_5912716/59127164345.1.jpg,359000,,네스프레소 공식홈,59127164345,2,네스프레소,,디지털/가전,주방가전,커피머신/메이커,캡슐/POD머신,에어로치노
네스프레소 에센자 미니 C30 블랙 + <b>에어로치노</b>3 화이트+화이트,https://search.shopping.naver.com/catalog/59075092810,https://shopping-phinf.pstatic.net/main_5907509/59075092810.20260227110115.jpg,337000,,네이버,59075092810,1,네스프레소,네스프레소,디지털/가전,주방가전,커피머신/메이커,캡슐/POD머신,에어로치노
네스프레소 버츄오 넥스트 + <b>에어로치노</b>,https://search.shopping.naver.com/catalog/29802189619,https://shopping-phinf.pstatic.net/main_2980218/29802189619.20220620180541.jpg,332860,,네이버,29802189619,1,네스프레소,네스프레소,디지털/가전,주방가전,커피머신/메이커,캡슐/POD머신,에어로치노
우유스팀기 라떼 네스프레소 <b>에어로치노</b> 블랙 우유 하석진,https://www.11st.co.kr/connect/Gateway.tmall?method=Xsite&prdNo=8271114496&tid=1000000061,https://shopping-phinf.pstatic.net/main_5472181/54721813402.1.jpg,119470,,11번가,54721813402,2,,,디지털/가전,주방가전,커피머신/메이커,캡슐/POD머신,에어로치노
네스프레소 <b>에어로치노</b>3 우유 거품기 3594-JP 화이트,https://smartstore.naver.com/main/products/11123243265,https://shopping-phinf.pstatic.net/main_8866775/88667753587.jpg,113400,,Greenbean,88667753587,2,네스프레소,네스프레소,디지털/가전,주방가전,커피머신/메이커,로스터/거품기,에어로치노
[호환] 네스프레소 <b>에어로치노</b>3 호환 휘핑 거품 스프링,https://link.gmarket.co.kr/gate/pcs?item-no=3892850523&sub-id=1003&service-code=10000003&lcd=100000085,https://shopping-phinf.pstatic.net/main_5388749/53887498867.1.jpg,13770,,G마켓,53887498867,2,,,디지털/가전,주방가전,커피머신/메이커,로스터/거품기,에어로치노
호환 우유거품기 부품 1개 <b>에어로치노</b>,https://smartstore.naver.com/main/products/13195832561,https://shopping-phinf.pstatic.net/main_9074034/90740343658.jpg,24920,,모렌스,90740343658,2,,,디지털/가전,주방가전,커피머신/메이커,커피머신부속품,에어로치노
필수품Nespresso <b>Aeroccino</b> 3 블렌더 교체 부품용 우유 거품기 뚜껑,https://www.11st.co.kr/connect/Gateway.tmall?method=Xsite&prdNo=9142968705&tid=1000000061,https://shopping-phinf.pstatic.net/main_5904515/59045150355.jpg,27270,,11번가,59045150355,2,,,디지털/가전,주방가전,커피머신/메이커,로스터/거품기,에어로치노
스테인리스 스틸 <b>에어로치노</b> 3/4 전자동 거품기 베이스,https://smartstore.naver.com/main/products/13109796742,https://shopping-phinf.pstatic.net/main_9065430/90654307834.jpg,65200,,빅마일-,90654307834,2,,,디지털/가전,주방가전,커피머신/메이커,로스터/거품기,에어로치노
네스프레소 <b>에어로치노</b>3 우유 거품기 라떼 기계,https://link.coupang.com/re/PCSNAVERPCSDP?pageKey=9014207970&ctag=9014207970&lptag=I26425577369&itemId=26425577369&vendorItemId=93401423138&spec=10305199,https://shopping-phinf.pstatic.net/main_5645013/56450134028.jpg,225000,,쿠팡,56450134028,2,네스프레소,네스프레소,디지털/가전,주방가전,커피머신/메이커,에스프레소머신,에어로치노
ONCE 93271 <b>Aeroccino</b> 3용 우유 거품기 뚜껑 - 커버 및 씰 3593 기계용 2개,https://www.11st.co.kr/connect/Gateway.tmall?method=Xsite&prdNo=9109558362&tid=1000000061,https://shopping-phinf.pstatic.net/main_5891335/58913352321.jpg,19010,,11번가,58913352321,2,,,디지털/가전,주방가전,커피머신/메이커,로스터/거품기,에어로치노
호환 우유거품기 가능 액세서리 <b>에어로치노</b>3 <b>에어로치노</b> 부품 악세서리 사이즈 한 한 개,https://smartstore.naver.com/main/products/11642303455,https://shopping-phinf.pstatic.net/main_8918681/89186813921.jpg,25100,,글로벌Pick,89186813921,2,,,디지털/가전,주방가전,커피머신/메이커,커피머신부속품,에어로치노
네스프레소 <b>에어로치노</b>4,https://display.cjonstyle.com/p/item/2019244999?infl_cd=I0696&utm_medium=pcs&utm_source=naver,https://shopping-phinf.pstatic.net/main_4163858/41638581580.21.jpg,149000,,CJ온스타일,41638581580,2,네스프레소,네스프레소,디지털/가전,주방가전,커피머신/메이커,로스터/거품기,에어로치노
네스프레소 에센자 미니 C30 블랙 + <b>에어로치노</b> 블랙,https://link.coupang.com/re/PCSNAVERPCSDP?pageKey=5638653776&ctag=5638653776&lptag=I9192274313&itemId=9192274313&vendorItemId=80644411092&spec=10305199,https://shopping-phinf.pstatic.net/main_5905623/59056238020.jpg,400000,,쿠팡,59056238020,2,네스프레소,,디지털/가전,주방가전,커피머신/메이커,에스프레소머신,에어로치노
네스프레소 네스프레소 <b>에어로치노</b>4,https://www.lotteimall.com/coop/affilGate.lotte?chl_no=141370&chl_dtl_no=2540914&returnUrl=/goods/viewGoodsDetail.lotte?goods_no=2335088900&utm_source=naver&utm_medium=affiliate&utm_campaign=price_compare,https://shopping-phinf.pstatic.net/main_4190310/41903105964.2.jpg,149000,,롯데홈쇼핑,41903105964,2,네스프레소,네스프레소,디지털/가전,주방가전,커피머신/메이커,로스터/거품기,에어로치노
[네스프레소] <b>에어로치노</b>4 우유거품기,http://with.gsshop.com/alia/aliaGate.gs?media=OB&ecpid=1037116331&vodFlag=N&prdseqnum=1037116331&utm_source=price&utm_medium=affiliate&utm_campaign=naver,https://shopping-phinf.pstatic.net/main_4173338/41733387437.13.jpg,149000,,GSSHOP,41733387437,2,네스프레소,네스프레소,디지털/가전,주방가전,커피머신/메이커,로스터/거품기,에어로치노
거품링 우유 부속품 거품기 프레소 헤드 <b>에어로치노</b> 부품,https://smartstore.naver.com/main/products/12952671442,https://shopping-phinf.pstatic.net/main_9049718/90497182452.jpg,18020,,라온글로벌 물산,90497182452,2,,,디지털/가전,주방가전,커피머신/메이커,커피머신부속품,에어로치노
우유스팀기 라떼 네스프레소 블랙 우유 하석진 <b>에어로치노</b>,https://www.11st.co.kr/connect/Gateway.tmall?method=Xsite&prdNo=8787577732&tid=1000000061,https://shopping-phinf.pstatic.net/main_5738743/57387433344.1.jpg,180460,,11번가,57387433344,2,,,디지털/가전,주방가전,커피머신/메이커,캡슐/POD머신,에어로치노
네스프레소 드롱기 버츄오 넥스트 커피머신 ENV120 화이트 <b>에어로치노</b> 세트,https://shopping.naver.com/outlink/itemdetail/6077786551,https://shopping-phinf.pstatic.net/main_8362228/83622286039.jpg,347000,,유로붐,83622286039,2,네스프레소,드롱기,디지털/가전,주방가전,커피머신/메이커,캡슐/POD머신,에어로치노
네스프레소 드롱기 버츄오 넥스트 커피머신 ENV120 화이트 + <b>에어로치노</b> 세트,https://smartstore.naver.com/main/products/6077786552,https://shopping-phinf.pstatic.net/main_8362228/83622286040.jpg,347000,,유로붐,83622286040,2,네스프레소,드롱기,디지털/가전,주방가전,커피머신/메이커,캡슐/POD머신,에어로치노
네스프레소 <b>에어로치노</b>3 4 거품기 뚜껑 스프링 부품,https://smartstore.naver.com/main/products/7482227900,https://shopping-phinf.pstatic.net/main_8502672/85026728222.jpg,19800,,민린블리,85026728222,2,,,디지털/가전,주방가전,커피머신/메이커,커피머신부속품,에어로치노
<b>에어로치노</b> 네스프레소 우유 부품 <b>에어로치노</b>4 범용,https://smartstore.naver.com/main/products/13212897627,https://shopping-phinf.pstatic.net/main_9075740/90757407949.jpg,184230,,해외픽업몰,90757407949,2,,,디지털/가전,주방가전,커피머신/메이커,커피머신부속품,에어로치노
우유 거품기 교체용 <b>에어로치노</b> 호환,https://link.gmarket.co.kr/gate/pcs?item-no=4691244340&sub-id=1003&service-code=10000003&lcd=100000056,https://shopping-phinf.pstatic.net/main_5914990/59149903344.jpg,21930,,G마켓,59149903344,2,,,디지털/가전,주방가전,커피머신/메이커,로스터/거품기,에어로치노
우유 거품기 교체용 <b>에어로치노</b> 호환,https://link.auction.co.kr/gate/pcs?item-no=F497207080&sub-id=1&service-code=10000003,https://shopping-phinf.pstatic.net/main_5915057/59150571473.jpg,21920,,옥션,59150571473,2,,,디지털/가전,주방가전,커피머신/메이커,로스터/거품기,에어로치노
[호환] 호환 우유거품기 <b>에어로치노</b> 거품링 예비 occino 거품기 불량,https://link.gmarket.co.kr/gate/pcs?item-no=4694165102&sub-id=1003&service-code=10000003&lcd=100000085,https://shopping-phinf.pstatic.net/main_5918674/59186745382.jpg,23980,,G마켓,59186745382,2,,,디지털/가전,주방가전,커피머신/메이커,로스터/거품기,에어로치노
거품링 우유 부속품 거품기 <b>에어로치노</b> 프레소 부품 헤드,https://smartstore.naver.com/main/products/13217739507,https://shopping-phinf.pstatic.net/main_9076224/90762249838.jpg,17910,,제이엠글로벌몰,90762249838,2,,,디지털/가전,주방가전,커피머신/메이커,커피머신부속품,에어로치노
네스프레소 <b>에어로치노</b> 교체용 거품기 3B64B용,https://link.gmarket.co.kr/gate/pcs?item-no=4689323365&sub-id=1003&service-code=10000003&lcd=100000076,https://shopping-phinf.pstatic.net/main_5911834/59118345463.jpg,13090,,G마켓,59118345463,2,,,디지털/가전,주방가전,커피머신/메이커,로스터/거품기,에어로치노
네스프레소 <b>에어로치노</b> 교체용 거품기 3-A77G용,https://link.gmarket.co.kr/gate/pcs?item-no=4689343255&sub-id=1003&service-code=10000003&lcd=100000076,https://shopping-phinf.pstatic.net/main_5911837/59118375323.jpg,14280,,G마켓,59118375323,2,,,디지털/가전,주방가전,커피머신/메이커,로스터/거품기,에어로치노
거품링 우유 부속품 거품기 프레소 부품 헤드 <b>에어로치노</b>,https://smartstore.naver.com/main/products/13210656840,https://shopping-phinf.pstatic.net/main_9075516/90755167937.jpg,18120,,글로벌에이스토어,90755167937,2,,,디지털/가전,주방가전,커피머신/메이커,커피머신부속품,에어로치노
네스프레소 <b>에어로치노</b> 교체용 거품기 3-A77G용,https://smartstore.naver.com/main/products/13180533020,https://shopping-phinf.pstatic.net/main_9072504/90725044117.jpg,18520,,Nuliel,90725044117,2,,,디지털/가전,주방가전,커피머신/메이커,커피머신부속품,에어로치노
구름치노 <b>에어로치노</b> 믹서 거품,https://www.11st.co.kr/connect/Gateway.tmall?method=Xsite&prdNo=9151015301&tid=1000000061,https://shopping-phinf.pstatic.net/main_5908367/59083675988.jpg,72770,,11번가,59083675988,2,,,디지털/가전,주방가전,커피머신/메이커,로스터/거품기,에어로치노
네스프레소 <b>에어로치노</b> 교체용 거품기 3B64B용,https://smartstore.naver.com/main/products/13180521071,https://shopping-phinf.pstatic.net/main_9072503/90725032168.jpg,17260,,Nuliel,90725032168,2,,,디지털/가전,주방가전,커피머신/메이커,커피머신부속품,에어로치노
네스프레소 <b>에어로치노</b>3 국내매장정품,https://link.gmarket.co.kr/gate/pcs?item-no=4687918501&sub-id=1003&service-code=10000003&lcd=100000008,https://shopping-phinf.pstatic.net/main_5909479/59094793093.jpg,122850,,G마켓,59094793093,2,,,디지털/가전,주방가전,커피머신/메이커,캡슐/POD머신,에어로치노
<b>에어로치노</b>3R 밀크프로더 뚜껑 커버 교체용,https://smartstore.naver.com/main/products/13178040073,https://shopping-phinf.pstatic.net/main_9072255/90722551170.jpg,32670,,텐바인,90722551170,2,,,디지털/가전,주방가전,커피머신/메이커,커피머신부속품,에어로치노
수동 라떼 <b>우유</b>거품 <b>스팀기</b> 스티머 밀크포머 로얄비아 <b>우유</b>거품기 350ml 전자렌지 가능,https://smartstore.naver.com/main/products/353840253,https://shopping-phinf.pstatic.net/main_9279940/9279940524.2.jpg,12500,,장커피,9279940524,2,,,생활/건강,주방용품,커피용품,우유거품기,우유스팀기
<b>우유스팀기</b> 가정용 라떼 스팀기 <b>우유스팀기</b>계 홈카페,https://search.shopping.naver.com/catalog/44696867084,https://shopping-phinf.pstatic.net/main_4469686/44696867084.20250517035533.jpg,37480,,네이버,44696867084,1,,,생활/건강,주방용품,커피용품,우유거품기,우유스팀기
<b>우유 스팀기</b> 스티머 밀크 데우는기계 포머 라테 거품기,https://search.shopping.naver.com/catalog/45441461354,https://shopping-phinf.pstatic.net/main_4544146/45441461354.20251202044902.jpg,17360,,네이버,45441461354,1,,,생활/건강,주방용품,커피용품,우유거품기,우유스팀기
자동 <b>우유 스팀기</b> 거품 밀크포머 업소용 메이커 라떼,https://search.shopping.naver.com/catalog/55365380790,https://shopping-phinf.pstatic.net/main_5536538/55365380790.20251214124124.jpg,365320,,네이버,55365380790,1,,,생활/건강,주방용품,커피용품,우유거품기,우유스팀기
수동 <b>우유</b>거품기 스텐 이중망 바리스타 밀크포머 스티머 라떼아트 <b>스팀기</b> 400ml,https://smartstore.naver.com/main/products/735691190,https://shopping-phinf.pstatic.net/main_1141531/11415319868.3.jpg,13500,,키친초이스,11415319868,2,벨르디자인,키친초이스,생활/건강,주방용품,커피용품,우유거품기,우유스팀기
수동 <b>우유</b>거품기 스텐 이중망 바리스타 밀크포머 스티머 라떼아트 <b>스팀기</b> 800ml,https://smartstore.naver.com/main/products/12339065711,https://shopping-phinf.pstatic.net/main_8988357/89883576428.jpg,15000,,키친초이스,89883576428,2,벨르디자인,키친초이스,생활/건강,주방용품,커피용품,우유거품기,우유스팀기
바리스타 <b>우유 스팀기</b> 휘핑기 스티머 스팀 라떼 거품,https://search.shopping.naver.com/catalog/53269510140,https://shopping-phinf.pstatic.net/main_5326951/53269510140.20260314104014.jpg,61930,,네이버,53269510140,1,,,생활/건강,주방용품,커피용품,우유거품기,우유스팀기
라떼스팀기 라떼아트 우유 라떼 <b>우유스팀기</b> 카푸치노,https://search.shopping.naver.com/catalog/52485035126,https://shopping-phinf.pstatic.net/main_5248503/52485035126.20251010090759.jpg,18210,,네이버,52485035126,1,,,생활/건강,주방용품,커피용품,우유거품기,우유스팀기
<b>우유스팀기</b> 라떼 거품 스티머 가정용 자동 MF02 Gulisso 스타,https://search.shopping.naver.com/catalog/53650386883,https://shopping-phinf.pstatic.net/main_5365038/53650386883.20251230164145.jpg,120750,,네이버,53650386883,1,,,생활/건강,주방용품,커피용품,우유거품기,우유스팀기
우유데우는기계 우유스 우유데우기 거품기를 거품 인스턴트 <b>우유스팀기</b> 전자동,https://search.shopping.naver.com/catalog/54594728673,https://shopping-phinf.pstatic.net/main_5459472/54594728673.20251010054546.jpg,23100,,네이버,54594728673,1,,,생활/건강,주방용품,커피용품,우유거품기,우유스팀기
라테 거품기 <b>우유스팀기</b> 라떼메이커 거품 밀크스티머 1 MF01블루 3in1기능,https://search.shopping.naver.com/catalog/54454775946,https://shopping-phinf.pstatic.net/main_5445477/54454775946.20260310084822.jpg,54460,,네이버,54454775946,1,,,생활/건강,주방용품,커피용품,우유거품기,우유스팀기
모카포트 라떼 메이커 <b>우유스팀기</b> 세트 홈카페 감성,https://search.shopping.naver.com/catalog/47182060231,https://shopping-phinf.pstatic.net/main_4718206/47182060231.20250803232718.jpg,19620,,네이버,47182060231,1,,,생활/건강,주방용품,커피용품,우유거품기,우유스팀기
Illy milk frother 일리 우유 거품기 <b>우유 스팀기</b>,https://search.shopping.naver.com/catalog/38538725479,https://shopping-phinf.pstatic.net/main_3853872/38538725479.20250516102537.jpg,99900,,네이버,38538725479,1,일리,,생활/건강,주방용품,커피용품,우유거품기,우유스팀기
라떼 <b>스팀기</b> 카페 <b>우유</b> 스티머 바리스타 밀크 아트,https://search.shopping.naver.com/catalog/51928307788,https://shopping-phinf.pstatic.net/main_5192830/51928307788.20260318032330.jpg,193300,,네이버,51928307788,1,,,생활/건강,주방용품,커피용품,우유거품기,우유스팀기
우유거품기 라떼 <b>우유 스팀기</b> 데우는기계 가정용 220V 유로파 영문판,https://search.shopping.naver.com/catalog/54563103678,https://shopping-phinf.pstatic.net/main_5456310/54563103678.20260227171822.jpg,44600,,네이버,54563103678,1,,,생활/건강,주방용품,커피용품,우유거품기,우유스팀기
전동 우유거품기 <b>우유스팀기</b> 라떼거품기,https://search.shopping.naver.com/catalog/42834883864,https://shopping-phinf.pstatic.net/main_4283488/42834883864.20250319043555.jpg,28570,,네이버,42834883864,1,,,생활/건강,주방용품,커피용품,우유거품기,우유스팀기
라떼 거품기 가정용 <b>우유스팀기</b> 220v 110v 스티머 자동,https://search.shopping.naver.com/catalog/56863503511,https://shopping-phinf.pstatic.net/main_5686350/56863503511.20250923222608.jpg,41800,,네이버,56863503511,1,,,생활/건강,주방용품,커피용품,우유거품기,우유스팀기
<b>우유 스팀기</b> 스티머 카페 데우는기계 데우기,https://search.shopping.naver.com/catalog/57200915937,https://shopping-phinf.pstatic.net/main_5720091/57200915937.20251119082850.jpg,24700,,네이버,57200915937,1,,,생활/건강,주방용품,커피용품,우유거품기,우유스팀기
<b>우유스팀기</b> 우유 거품기 스팀 거품 밀크프로더 바리스타 라떼,https://search.shopping.naver.com/catalog/56710529586,https://shopping-phinf.pstatic.net/main_5671052/56710529586.20251206161326.jpg,124400,,네이버,56710529586,1,,,생활/건강,주방용품,커피용품,우유거품기,우유스팀기
<b>우유스팀기</b> 밀크 워머 우유데우기 라떼 바이루트 미국 플러그 MF02,https://search.shopping.naver.com/catalog/58616929460,https://shopping-phinf.pstatic.net/main_5861692/58616929460.20260123194051.jpg,74700,,네이버,58616929460,1,,,생활/건강,주방용품,커피용품,우유거품기,우유스팀기
웰홈 WPM 자동<b>스팀기</b> <b>우유</b>거품기 스티머 온도조절 카페 MS-130T,https://search.shopping.naver.com/catalog/36533056794,https://shopping-phinf.pstatic.net/main_3653305/36533056794.20221215073143.jpg,488000,,네이버,36533056794,1,,,생활/건강,주방용품,커피용품,우유거품기,우유스팀기
세버린 우유 거품기 <b>우유 스팀기</b> 바리스타 라떼아트 SM3587,https://search.shopping.naver.com/catalog/33984907922,https://shopping-phinf.pstatic.net/main_3398490/33984907922.20250228092737.jpg,156100,,네이버,33984907922,1,,,생활/건강,주방용품,커피용품,우유거품기,우유스팀기
오리스타 우유거품기 미니거품기 <b>우유스팀기</b> 라떼거품 200S,https://search.shopping.naver.com/catalog/31236182988,https://shopping-phinf.pstatic.net/main_3123618/31236182988.20240329085322.jpg,31560,,네이버,31236182988,1,,오리스타,생활/건강,주방용품,커피용품,우유거품기,우유스팀기
라테 거품기 <b>우유스팀기</b> 라떼메이커 MF01 밀크스티머 기능,https://search.shopping.naver.com/catalog/54298209227,https://shopping-phinf.pstatic.net/main_5429820/54298209227.20260309043210.jpg,55000,,네이버,54298209227,1,,,생활/건강,주방용품,커피용품,우유거품기,우유스팀기
프리라이프 - <b>우유스팀기</b> 4 in 1 냉온거품제조기 자동라떼거품기 우유스티머 거품제조기자동,https://search.shopping.naver.com/catalog/56871069698,https://shopping-phinf.pstatic.net/main_5687106/56871069698.20250923004337.jpg,24750,,네이버,56871069698,1,,,생활/건강,주방용품,커피용품,우유거품기,우유스팀기
바리스타 <b>우유 스팀기</b> <b>우유스팀기</b> 소형 휘핑기 거품 G2 베이직 대용량,https://search.shopping.naver.com/catalog/57128394833,https://shopping-phinf.pstatic.net/main_5712839/57128394833.20260306144906.jpg,62600,,네이버,57128394833,1,,,생활/건강,주방용품,커피용품,우유거품기,우유스팀기
스팀보스S <b>우유 스팀기</b>,https://search.shopping.naver.com/catalog/57715861977,https://shopping-phinf.pstatic.net/main_5771586/57715861977.20251110173226.jpg,990000,,네이버,57715861977,1,,,생활/건강,주방용품,커피용품,우유거품기,우유스팀기
<b>우유스팀기</b> 자동우유스티머 스팀보스 업소용 카페용 라떼거품 터치 스팀기,https://smartstore.naver.com/main/products/11524737860,https://shopping-phinf.pstatic.net/main_8906924/89069248268.1.jpg,990000,,THE GROWTH,89069248268,2,,,생활/건강,주방용품,커피용품,우유거품기,우유스팀기
<b>우유 스팀기</b> 커피 거품기 데우기 밀크포머 가정용,https://search.shopping.naver.com/catalog/41500194794,https://shopping-phinf.pstatic.net/main_4150019/41500194794.20240827151055.jpg,47700,,네이버,41500194794,1,,,생활/건강,주방용품,커피용품,우유거품기,우유스팀기
바리스타 스팀 라떼 스티머 <b>스팀기</b> <b>우유</b> 거품 휘핑기,https://search.shopping.naver.com/catalog/53147907533,https://shopping-phinf.pstatic.net/main_5314790/53147907533.20260130022401.jpg,88400,,네이버,53147907533,1,,,생활/건강,주방용품,커피용품,우유거품기,우유스팀기
BRK 라떼거품기 <b>우유스팀기</b> 밀크스티머 스팀밀크 라떼만들기,https://smartstore.naver.com/main/products/7323065124,https://shopping-phinf.pstatic.net/main_8486756/84867565446.jpg,62900,,Simple Kitchen,84867565446,2,BRK,BRK,생활/건강,주방용품,커피용품,우유거품기,우유스팀기
자동 <b>우유 스팀기</b> 조절 라떼만들기 온도 프로딩 믹서 메이커 업소용,https://search.shopping.naver.com/catalog/57172940258,https://shopping-phinf.pstatic.net/main_5717294/57172940258.20260227104355.jpg,339140,,네이버,57172940258,1,,,생활/건강,주방용품,커피용품,우유거품기,우유스팀기
<b>우유스팀기</b> 카푸치노 워머 데우는기계 압력 바리스타 12L 상세페이지 참고,https://search.shopping.naver.com/catalog/43560713789,https://shopping-phinf.pstatic.net/main_4356071/43560713789.20251126205715.jpg,240720,,네이버,43560713789,1,,,생활/건강,주방용품,커피용품,우유거품기,우유스팀기
우유거품기 전동 라떼 폼메이커 거품기 미니 <b>우유스팀기</b> 샤오예 버블머신,https://search.shopping.naver.com/catalog/56641184702,https://shopping-phinf.pstatic.net/main_5664118/56641184702.20260206222546.jpg,138000,,네이버,56641184702,1,,,생활/건강,주방용품,커피용품,우유거품기,우유스팀기
<b>우유스팀기</b> 가정용 라떼 밀크포머 스팀기 업소용 제이스튜 기본 1개 유규,https://search.shopping.naver.com/catalog/56719937999,https://shopping-phinf.pstatic.net/main_5671993/56719937999.20260122101631.jpg,64800,,네이버,56719937999,1,,,생활/건강,주방용품,커피용품,우유거품기,우유스팀기
라테 거품기 <b>우유스팀기</b> 라떼메이커 밀크스티머 거품 1 MF01블루 3in1기능,https://search.shopping.naver.com/catalog/55026304669,https://shopping-phinf.pstatic.net/main_5502630/55026304669.20260113213851.jpg,54400,,네이버,55026304669,1,,,생활/건강,주방용품,커피용품,우유거품기,우유스팀기
업소용 <b>우유 스팀기</b> 거품기 12L 밀크 스티머 카페 라떼 220V,https://search.shopping.naver.com/catalog/44271362873,https://shopping-phinf.pstatic.net/main_4427136/44271362873.20240819100637.jpg,257080,,네이버,44271362873,1,,,생활/건강,주방용품,커피용품,우유거품기,우유스팀기
바리스타 <b>우유 스팀기</b> 업소용 카페 라떼 스팀 휘핑기 거품 스티머,https://search.shopping.naver.com/catalog/45478487936,https://shopping-phinf.pstatic.net/main_4547848/45478487936.20251220061117.jpg,85300,,네이버,45478487936,1,,,생활/건강,주방용품,커피용품,우유거품기,우유스팀기
<b>우유 스팀기</b> 밀크포머 라떼 버블 흰색 데우는기계 포머 LCD 고정온도 온수기겸용,https://search.shopping.naver.com/catalog/58470571415,https://shopping-phinf.pstatic.net/main_5847057/58470571415.20260221070953.jpg,181900,,네이버,58470571415,1,,,생활/건강,주방용품,커피용품,우유거품기,우유스팀기
바리스타 <b>우유 스팀기</b> 포머 스티머 거품기 가정용 카푸치노 G2 베이직 대용량,https://search.shopping.naver.com/catalog/42493196728,https://shopping-phinf.pstatic.net/main_4249319/42493196728.20250222162644.jpg,82430,,네이버,42493196728,1,,,생활/건강,주방용품,커피용품,우유거품기,우유스팀기
우유거품기 라떼 <b>우유 스팀기</b> 데우는기계 가정용,https://search.shopping.naver.com/catalog/53828495197,https://shopping-phinf.pstatic.net/main_5382849/53828495197.20260314122543.jpg,46450,,네이버,53828495197,1,,,생활/건강,주방용품,커피용품,우유거품기,우유스팀기
우유거품기 미니거품기 <b>우유스팀기</b> 라떼거품 200S,https://search.shopping.naver.com/catalog/36079443280,https://shopping-phinf.pstatic.net/main_3607944/36079443280.20221125070257.jpg,28830,,네이버,36079443280,1,,,생활/건강,주방용품,커피용품,우유거품기,우유스팀기
라떼 거품기 가정용 자동 스티머 220v <b>우유스팀기</b> 110v,https://search.shopping.naver.com/catalog/58550199143,https://shopping-phinf.pstatic.net/main_5855019/58550199143.20260117205331.jpg,76400,,네이버,58550199143,1,,,생활/건강,주방용품,커피용품,우유거품기,우유스팀기
진동거품기 우유거품기 홈까페 전동휘핑 <b>우유스팀기</b> 1개,https://search.shopping.naver.com/catalog/56787054546,https://shopping-phinf.pstatic.net/main_5678705/56787054546.20250918204331.jpg,15200,,네이버,56787054546,1,,,생활/건강,주방용품,커피용품,우유거품기,우유스팀기
라테 거품기 <b>우유스팀기</b> 라떼메이커 업소용 기능 A MF01 3기능,https://search.shopping.naver.com/catalog/54400087827,https://shopping-phinf.pstatic.net/main_5440008/54400087827.20251210123531.jpg,61500,,네이버,54400087827,1,,,생활/건강,주방용품,커피용품,우유거품기,우유스팀기
라떼거품기 가정용 <b>우유스팀기</b> 자동 스티머 110v 220v 밀크포머 바리스타 카푸치노,https://search.shopping.naver.com/catalog/58564115279,https://shopping-phinf.pstatic.net/main_5856411/58564115279.20260314155844.jpg,59100,,네이버,58564115279,1,,,생활/건강,주방용품,커피용품,우유거품기,우유스팀기
라떼스팀기 카푸치노 라떼아트 우유 <b>우유스팀기</b> 밀크포머 핸드 버블러 1개,https://search.shopping.naver.com/catalog/57131744684,https://shopping-phinf.pstatic.net/main_5713174/57131744684.20260114191121.jpg,25340,,네이버,57131744684,1,,,생활/건강,주방용품,커피용품,우유거품기,우유스팀기
업소용 <b>우유 스팀기</b> 머신 가열 밀크포머 포머 밀크티,https://search.shopping.naver.com/catalog/58549909664,https://shopping-phinf.pstatic.net/main_5854990/58549909664.20260314142453.jpg,366790,,네이버,58549909664,1,,,생활/건강,주방용품,커피용품,우유거품기,우유스팀기
업소용 <b>우유 스팀기</b> 거품기 스티머 밀크포머 카페 거품,https://search.shopping.naver.com/catalog/58867411061,https://shopping-phinf.pstatic.net/main_5886741/58867411061.20260209232705.jpg,268400,,네이버,58867411061,1,,,생활/건강,주방용품,커피용품,우유거품기,우유스팀기
라테 거품기 <b>우유스팀기</b> 라떼메이커 업소용 흰색 MF01 3 in 1 기능,https://search.shopping.naver.com/catalog/58550530926,https://shopping-phinf.pstatic.net/main_5855053/58550530926.20260117231908.jpg,46300,,네이버,58550530926,1,,,생활/건강,주방용품,커피용품,우유거품기,우유스팀기
